<application>
  <component name="PropertiesComponent">
    <property name="ExpandBeforeRunStepsPanel" value="true" />
    <property name="ExpandRunDashboardTypesPanel" value="false" />
    <property name="PACKAGE_FILTER" value="tushare&#10;tush&#10;portaudio&#10;pyaud&#10;django" />
    <property name="PyCharm.InitialConfiguration" value="true" />
    <property name="PyCharm.InitialConfiguration.V2" value="true" />
    <property name="PyCharm.InitialConfiguration.V3" value="true" />
    <property name="PyCharm.InitialConfiguration.V4" value="true" />
    <property name="PyCharm.InitialConfiguration.V5" value="true" />
    <property name="PyCharm.InitialConfiguration.V6" value="true" />
    <property name="PyCharm.InitialConfiguration.V7" value="true" />
    <property name="PyCharm.initialConfigurationShown" value="true" />
    <property name="SettingsSearchHistory" value="git" />
    <property name="file.chooser.recent.files" value="Z:/Resources/Stocks/Script/AliyunAPI&#10;C:/Users/Tinywind/AppData/Local/GitHubDesktop/GitHubDesktop.exe&#10;Z:/Resource/Stocks/Script/AliyunAPI&#10;C:/Users/xin.li/AppData/Local/GitHubDesktop/GitHubDesktop.exe&#10;D:/Softwares/Dino/Install/Python/GeneralConfig-master/JetBrainTheme/pycharm_settings.jar&#10;D:/Softwares/Dino/Install/Python/GeneralConfig-master/JetBrainTheme&#10;Z:/Resource/Stocks" />
    <property name="file.gist.reindex.count" value="38488" />
    <property name="fileTypeChangedCounter" value="1" />
    <property name="lastTip" value="23" />
    <property name="selected.color.option.type" value="DEFAULT_COMMA" />
    <property name="settings.code.style.selected.tab.Python" value="Other" />
  </component>
  <component name="PyTestFrameworkService">
    <option name="SDK_TO_PYTEST">
      <map>
        <entry key="Z:\ProgramFiles\Anaconda3\python.exe" value="true" />
      </map>
    </option>
    <option name="SDK_TO_NOSETEST">
      <map>
        <entry key="Z:\ProgramFiles\Anaconda3\python.exe" value="true" />
      </map>
    </option>
    <option name="SDK_TO_TRIALTEST">
      <map>
        <entry key="Z:\ProgramFiles\Anaconda3\python.exe" value="false" />
      </map>
    </option>
  </component>
</application>